model,label,codec,codec_configuration,sequences,total_frames,total_bytes,aggregate_bpp,compression_ratio,mean_psnr,mean_msssim,pooled_psnr,pooled_mse,total_encode_seconds,total_decode_seconds,encode_seconds_per_frame,decode_seconds_per_frame,checkpoint,quantization_bits,quantization_mode,entropy_model_id,temporal_prediction,intra_only,bytes_per_frame
M7,M7 baseline,nvc,4bit-per_channel,9,719,5301132,0.9000150762778164,26.666219969621583,26.52940059338226,0.9184057837732975,25.92181968688965,0.0025575147877699026,4.147578099873499,4.431639399888809,0.005768536995651598,0.006163615298871779,vimeo_epoch17_best.pt,4,per_channel,da655de303a03f8e,False,True,7372.923504867872
M7,M7 baseline,nvc,6bit-per_channel,9,719,8321705,1.4128416270970967,16.98704195834868,27.514114188882672,0.9492740374115478,26.613862991333008,0.0021807901450295966,4.641168800109881,5.461201300058747,0.006455033101682727,0.007595551182279203,vimeo_epoch17_best.pt,6,per_channel,9b414966b3f38c92,False,True,11573.998609179416
M7,M7 baseline,nvc,8bit-per_channel,9,719,11276921,1.9145720034879172,12.535438707072613,27.581808326307357,0.9511985550835335,26.65443229675293,0.0021605120827993323,7.3019135001522955,7.42938680012594,0.010155651599655487,0.010332944089187676,vimeo_epoch17_best.pt,8,per_channel,08de0505167810b9,False,True,15684.173852573018
M8-QAT,M8 QAT (immediate baseline),nvc,4bit-per_channel,9,719,4975034,0.8446508415551113,28.41410772268089,27.85495980094305,0.9375106511593528,27.352359771728516,0.0018397720908047955,4.08518130009179,4.316862600040622,0.005681754242130445,0.00600398136306067,best.pt,4,per_channel,f87b055559c15447,False,True,6919.379694019472
M8-QAT,M8 QAT (immediate baseline),nvc,6bit-per_channel,9,719,7990188,1.3565573659162031,17.6918430454953,29.61339832512825,0.9709653321327189,28.66057586669922,0.0013612638714378524,4.710745899996255,5.381429600121919,0.006551802364389784,0.007484603059974853,best.pt,6,per_channel,120502e5ae1410dc,False,True,11112.917941585536
M8-QAT,M8 QAT (immediate baseline),nvc,8bit-per_channel,9,719,10948124,1.8587495382041028,12.911906368616211,29.74798092954845,0.9729912719574028,28.741540908813477,0.0013361211150917443,6.420360199859715,7.17935189990385,0.008929569123587921,0.009985190403204242,best.pt,8,per_channel,47298302304b401c,False,True,15226.87621696801
M9-CTRL,M9 control (lambda=0),nvc,4bit-per_channel,9,719,4901114,0.8321008589403686,28.8426574040106,28.072955732385374,0.9387748674159255,27.594356536865234,0.0017400601292287005,3.0559866999974474,3.1865723998780595,0.0042503292072287166,0.004431950486617607,best.pt,4,per_channel,8f23dc3d38dddeaf,False,True,6816.570236439499
M9-CTRL,M9 control (lambda=0),nvc,6bit-per_channel,9,719,7911045,1.3431206333123262,17.868834269050424,29.924635556874918,0.9718252618554902,28.958738327026367,0.001270943173225099,3.647075200075051,4.102380500000436,0.005072427260187831,0.005705675243394209,best.pt,6,per_channel,3c77f0bd24283727,False,True,11002.844228094576
M9-CTRL,M9 control (lambda=0),nvc,8bit-per_channel,9,719,10869984,1.845483092837274,13.00472493795759,30.073992786221776,0.9739096379412729,29.04376792907715,0.001246301746806253,5.003083599920501,5.696997299659415,0.0069583916549659265,0.007923501112182775,best.pt,8,per_channel,b18c80e2f6c5d34d,False,True,15118.19749652295
M9-L,M9-L (lambda 9.0757e-04),nvc,4bit-per_channel,9,719,4338157,0.7365231998109353,32.58553159786518,28.489385718927927,0.9529183752347763,27.886058807373047,0.0016270240467875258,2.45499979989836,2.6445304000080796,0.0034144642557696245,0.00367806731572751,best.pt,4,per_channel,1ff1be1ae0e95c88,False,True,6033.598052851182
M9-L,M9-L (lambda 9.0757e-04),nvc,6bit-per_channel,9,719,7312738,1.2415413252998957,19.330810429691315,29.801304696498228,0.9740133799498536,28.81902503967285,0.0013124945419934425,2.9015392997243907,3.3178064999665366,0.004035520583761322,0.00461447357436236,best.pt,6,per_channel,c0d92110f9ec28b8,False,True,10170.706536856746
M9-L,M9-L (lambda 9.0757e-04),nvc,8bit-per_channel,9,719,10271167,1.7438171980941413,13.762910485244763,29.872913458748553,0.9752834393682998,28.844104766845703,0.0013049373960144703,3.975623599922983,4.603350199977285,0.005529379137584121,0.0064024342141547775,best.pt,8,per_channel,26c8d8f572bf5551,False,True,14285.350486787205
M9-M,M9-M (lambda 2.8700e-03),nvc,4bit-per_channel,9,719,4321584,0.7337094706189151,32.71049504070729,27.78938726921241,0.9437521286567826,27.25508689880371,0.0018814435849587123,2.5266433001379482,2.643486299974029,0.0035141075106230155,0.003676615159908246,best.pt,4,per_channel,4e57381e5660516d,False,True,6010.547983310153
M9-M,M9-M (lambda 2.8700e-03),nvc,6bit-per_channel,9,719,7285532,1.2369223476616829,19.402996514187297,29.14440908418743,0.9668341925644908,28.22899627685547,0.0015034897354085821,2.962739999886253,3.260782799930894,0.004120639777310505,0.004535163838568698,best.pt,6,per_channel,6bca1383d5f4c756,False,True,10132.867872044506
M9-M,M9-M (lambda 2.8700e-03),nvc,8bit-per_channel,9,719,10243459,1.7391129919484527,13.800138410277231,29.253530703930597,0.9684282961574815,28.3048095703125,0.0014774712944033265,3.8801072998176096,4.511013300041668,0.005396533101276231,0.006274010153048217,best.pt,8,per_channel,7683f70cb2033179,False,True,14246.813630041725
M9-H,M9-H (lambda 9.0757e-03),nvc,4bit-per_channel,9,719,4368237,0.7416301191433414,32.36114524005909,26.24475351527271,0.9163730902200946,25.703466415405273,0.002689387602531893,2.8944545001722872,2.9489498998154886,0.0040256668987097175,0.004101460222274671,best.pt,4,per_channel,cfd66c18c900a548,False,True,6075.433936022253
M9-H,M9-H (lambda 9.0757e-03),nvc,6bit-per_channel,9,719,7331060,1.2446519960448539,19.28249830174627,27.256369801655268,0.9394747934852091,26.455703735351562,0.0022616722763992682,3.2890453002182767,3.5992856002267217,0.004574471905727784,0.005005960501010739,best.pt,6,per_channel,3c10831071d6c982,False,True,10196.189151599443
M9-H,M9-H (lambda 9.0757e-03),nvc,8bit-per_channel,9,719,10285611,1.7462694701299548,13.743583341816057,27.345683107124085,0.9411582372284731,26.534767150878906,0.002220871139014542,4.314904800034128,4.909761500137392,0.006001258414512,0.006828597357631978,best.pt,8,per_channel,c7c3e7fc808b72aa,False,True,14305.43949930459
